[
    {
        "short_name": "SFT 5 ",
        "_id": "5cbe73bd5ae970104463526c",
        "students": 2,
        "correction": 0,
        "diff": 0
    },
    {
        "short_name": "SFT 3",
        "_id": "5c359c407481e90ab279ba6b",
        "students": 5,
        "correction": 0,
        "diff": 0
    },
    {
        "short_name": "SFT 1 (School for test)",
        "_id": "5c359ae97481e90ab279b969",
        "students": 6,
        "correction": 0,
        "diff": 0
    },
    {
        "short_name": "ZettaSchool",
        "_id": "5eba74c5888363308f2e2a36",
        "students": 3,
        "correction": 0,
        "diff": 0
    }
]